{"cameraMode":{"drawMode":0,"name":"Shaded","section":"Shading Mode"},"sceneLighting":false,"audioPlay":false,"sceneViewState":{"m_AlwaysRefresh":false,"showFog":true,"showSkybox":false,"showFlares":true,"showImageEffects":true,"showParticleSystems":true,"showVisualEffectGraphs":true,"m_FxEnabled":true},"in2DMode":false,"pivot":{"x":-0.039999961853027347,"y":0.5299999713897705,"z":0.009999990463256836},"rotation":{"x":-0.4251473546028137,"y":0.4865957200527191,"z":-0.29367461800575259,"w":-0.7044370770454407},"size":2.896036148071289,"orthographic":false}